Image,Attractiveness label
AF1899.jpg,2.916667
AF1179.jpg,3.933333
AF64.jpg,2.3
AF734.jpg,2.95
AF280.jpg,2.583333
AF1705.jpg,3.133333
AF915.jpg,3.166667
AF1934.jpg,2.45
AF1142.jpg,2.666667
AF1883.jpg,3.133333
AF1649.jpg,3.283333
AF505.jpg,2.683333
AF791.jpg,2.683333
AF1544.jpg,3.033333
AF1217.jpg,3.216667
AF538.jpg,3.133333
AF1549.jpg,2.85
AF1889.jpg,3.833333
AF1960.jpg,2.383333
AF176.jpg,2.116667
AF200.jpg,2.333333
AF811.jpg,2.416667
AF736.jpg,2.15
AF1013.jpg,3.816667
AF949.jpg,2.783333
AF49.jpg,2.133333
AF883.jpg,3.166667
AF1815.jpg,3.05
AF1163.jpg,3.133333
AF472.jpg,3.016667
AF796.jpg,2.566667
AF1895.jpg,3.8
AF1106.jpg,3.516667
AF1710.jpg,3.716667
AF469.jpg,2.883333
AF197.jpg,1.95
AF40.jpg,2.583333
AF24.jpg,2.433333
AF430.jpg,2.816667
AF1708.jpg,2.75
AF581.jpg,2.866667
AF1881.jpg,3.633333
AF1798.jpg,3.466667
AF1547.jpg,4
AF1438.jpg,3.166667
AF285.jpg,2.916667
AF1170.jpg,4.283333
AF1975.jpg,2.116667
AF194.jpg,2.783333
AF1087.jpg,2.766667
AF516.jpg,2.766667
AF1838.jpg,3.516667
AF1861.jpg,3.883333
AF1047.jpg,3.65
AF1962.jpg,3.616667
AF584.jpg,2.566667
AF7.jpg,2.566667
AF98.jpg,2
AF1799.jpg,3.85
AF1205.jpg,4.133333
AF544.jpg,2.216667
AF750.jpg,3.5
AF71.jpg,2.7
AF1730.jpg,4.066667
AF530.jpg,2.833333
AF1123.jpg,2.516667
AF1251.jpg,3.683333
AF1725.jpg,3.366667
AF504.jpg,2.283333
AF61.jpg,2.366667
AF1122.jpg,3.6
AF1441.jpg,2.95
AF1450.jpg,2.766667
AF742.jpg,2.616667
AF94.jpg,2.866667
AF1626.jpg,3.066667
AF1341.jpg,2.233333
AF1683.jpg,4.333333
AF315.jpg,3.2
AF1863.jpg,3.5
AF783.jpg,4.316667
AF908.jpg,3.066667
AF994.jpg,3.666667
AF1959.jpg,1.033333
AF1482.jpg,3.316667
AF1283.jpg,4.333333
AF1611.jpg,3.333333
AF174.jpg,2.083333
AF44.jpg,2.783333
AF1761.jpg,3.883333
AF1463.jpg,2.933333
AF1029.jpg,3.95
AF495.jpg,2.533333
AF1875.jpg,2.233333
AF1243.jpg,2.2
AF105.jpg,4.033333
AF689.jpg,2.533333
AF1698.jpg,3.25
AF462.jpg,2.65
AF106.jpg,3.033333
AF1672.jpg,3.2
AF342.jpg,2.683333
AF1371.jpg,3.633333
AF707.jpg,2.066667
AF1039.jpg,4.2
AF971.jpg,4.1
AF415.jpg,2.55
AF1853.jpg,1.883333
AF134.jpg,2.316667
AF1597.jpg,3.75
AF1722.jpg,3.4
AF1115.jpg,4.016667
AF1246.jpg,3.066667
AF1109.jpg,3.883333
AF1103.jpg,3.05
AF1395.jpg,3.816667
AF16.jpg,2.1
AF1769.jpg,3.833333
AF876.jpg,2.75
AF426.jpg,2.366667
AF1541.jpg,3.55
AF38.jpg,2.316667
AF244.jpg,4.216667
AF824.jpg,2.283333
AF773.jpg,2.516667
AF828.jpg,2.283333
AF1942.jpg,2.466667
AF1185.jpg,2.616667
AF933.jpg,3.983333
AF359.jpg,2.083333
AF1252.jpg,3.383333
AF13.jpg,3.35
AF1220.jpg,2.833333
AF781.jpg,2.516667
AF425.jpg,2.466667
AF60.jpg,2.716667
AF1204.jpg,2.8
AF1080.jpg,3.916667
AF1999.jpg,2.733333
AF1433.jpg,3.216667
AF1943.jpg,3.666667
AF1938.jpg,2.216667
AF709.jpg,2.816667
AF866.jpg,2.383333
AF6.jpg,1.566667
AF1941.jpg,3.133333
AF446.jpg,3.05
AF1488.jpg,3.85
AF1774.jpg,3.016667
AF149.jpg,2.35
AF676.jpg,2.6
AF1131.jpg,3.066667
AF1675.jpg,4.5
AF670.jpg,3.05
AF22.jpg,2.416667
AF1677.jpg,3.25
AF931.jpg,2.666667
AF1829.jpg,2.85
AF11.jpg,2.316667
AF1978.jpg,3.916667
AF1384.jpg,3.966667
AF1946.jpg,1.7
AF542.jpg,3.116667
AF570.jpg,2.383333
AF1692.jpg,4.25
AF211.jpg,2.433333
AF1527.jpg,3.833333
AF719.jpg,2.233333
AF815.jpg,1.316667
AF1517.jpg,3.433333
AF3.jpg,3.183333
AF158.jpg,2.516667
AF1897.jpg,3.95
AF434.jpg,3
AF1329.jpg,3.416667
AF108.jpg,2.783333
AF1642.jpg,2.8
AF1738.jpg,2.816667
AF921.jpg,4.1
AF840.jpg,3.733333
AF1223.jpg,2.133333
AF874.jpg,2.766667
AF769.jpg,2.583333
AF1464.jpg,3.433333
AF1000.jpg,3.966667
AF480.jpg,3.116667
AF973.jpg,3
AF1627.jpg,3.766667
AF1317.jpg,4.033333
AF241.jpg,1.983333
AF1297.jpg,3.383333
AF1099.jpg,4.183333
AF1824.jpg,1.983333
AF1751.jpg,3.65
AF1607.jpg,3.433333
AF221.jpg,2.433333
AF409.jpg,4.183333
AF1213.jpg,3.433333
AF567.jpg,3.5
AF831.jpg,2.383333
AF1839.jpg,4.266667
AF1648.jpg,3.2
AF215.jpg,2.533333
AF1346.jpg,3.616667
AF240.jpg,3.066667
AF1343.jpg,3.616667
AF1650.jpg,3.2
AF786.jpg,2.85
AF78.jpg,2.65
AF489.jpg,2.3
AF310.jpg,2.483333
AF1570.jpg,2.5
AF1149.jpg,3.5
AF728.jpg,1.616667
AF1785.jpg,3.516667
AF1034.jpg,3.05
AF1011.jpg,3.1
AF251.jpg,2.7
AF1981.jpg,3.766667
AF403.jpg,2.633333
AF156.jpg,2.483333
AF1936.jpg,3.483333
AF522.jpg,2.3
AF136.jpg,2.316667
AF1215.jpg,3.183333
AF1921.jpg,2.466667
AF1421.jpg,3.166667
AF1694.jpg,3.65
AF787.jpg,2.366667
AF181.jpg,2.9
AF1114.jpg,2.966667
AF643.jpg,2.2
AF1117.jpg,1.966667
AF1538.jpg,4.033333
AF457.jpg,2.583333
AF1928.jpg,2.966667
AF696.jpg,2.316667
AF1272.jpg,3.9
AF1289.jpg,2.716667
AF1184.jpg,2.333333
AF859.jpg,3.116667
AF249.jpg,2.95
AF1757.jpg,2.783333
AF817.jpg,2.666667
AF1911.jpg,3.666667
AF1849.jpg,3.283333
AF1367.jpg,3.083333
AF977.jpg,3.583333
AF802.jpg,2.783333
AF340.jpg,2.616667
AF389.jpg,2.833333
AF261.jpg,2.133333
AF21.jpg,2.516667
AF339.jpg,2.2
AF1445.jpg,3.9
AF1577.jpg,3.4
AF347.jpg,2.716667
AF1426.jpg,3.5
AF1416.jpg,3.383333
AF514.jpg,2.183333
AF1659.jpg,3.566667
AF1500.jpg,4.45
AF1127.jpg,2.866667
AF326.jpg,2.833333
AF328.jpg,2.85
AF1002.jpg,2.616667
AF131.jpg,2.816667
AF1816.jpg,4.566667
AF279.jpg,3.083333
AF1085.jpg,2.283333
AF178.jpg,2.583333
AF198.jpg,2.433333
AF591.jpg,2.65
AF1771.jpg,1.666667
AF1948.jpg,2.766667
AF747.jpg,2.533333
AF393.jpg,2.766667
AF964.jpg,3.783333
AF173.jpg,2.316667
AF565.jpg,4.05
AF419.jpg,2.733333
AF624.jpg,2.7
AF761.jpg,2.066667
AF401.jpg,1.833333
AF1803.jpg,3.516667
AF382.jpg,2.116667
AF1089.jpg,2.033333
AF1292.jpg,3.166667
AF195.jpg,2.9
AF1391.jpg,2.966667
AF953.jpg,3.833333
AF764.jpg,2.6
AF502.jpg,2.616667
AF825.jpg,2.916667
AF57.jpg,2.216667
AF1542.jpg,2.316667
AF1634.jpg,4
AF1965.jpg,1.75
AF668.jpg,2.183333
AF270.jpg,1.466667
AF1737.jpg,3.716667
AF456.jpg,2.65
AF1630.jpg,2.766667
AF46.jpg,2.2
AF685.jpg,4.366667
AF1963.jpg,2.666667
AF601.jpg,2.25
AF1907.jpg,2.966667
AF1622.jpg,3.9
AF1576.jpg,3.35
AF42.jpg,2.3
AF508.jpg,2.216667
AF634.jpg,3.383333
AF1676.jpg,4.416667
AF954.jpg,4
AF1828.jpg,4.083333
AF1787.jpg,3.966667
AF1406.jpg,3.766667
AF893.jpg,2.8
AF1420.jpg,3.433333
AF983.jpg,3.6
AF107.jpg,1.883333
AF1320.jpg,4.166667
AF1020.jpg,2.866667
AF1301.jpg,4.033333
AF1176.jpg,2.366667
AF1571.jpg,3.7
AF47.jpg,2.883333
AF1040.jpg,2.233333
AF1764.jpg,3.566667
AF168.jpg,2.55
AF1136.jpg,3.366667
AF113.jpg,3.366667
AF29.jpg,3.05
AF491.jpg,3.716667
AF1072.jpg,3.233333
AF1924.jpg,2.3
AF1638.jpg,3.833333
AF1553.jpg,3.833333
AF1995.jpg,1.316667
AF649.jpg,2.2
AF1545.jpg,4.216667
AF1259.jpg,2.666667
AF459.jpg,2.083333
AF220.jpg,2.65
AF790.jpg,2.916667
AF1183.jpg,3.616667
AF1063.jpg,4.316667
AF368.jpg,2.6
AF371.jpg,2.45
AF196.jpg,2.95
AF1230.jpg,2.016667
AF575.jpg,2.916667
AF54.jpg,2.216667
AF313.jpg,2.6
AF1126.jpg,2.583333
AF1228.jpg,3.333333
AF1447.jpg,4.316667
AF751.jpg,3.1
AF404.jpg,2.633333
AF1700.jpg,3.05
AF898.jpg,4.066667
AF163.jpg,2.8
AF1508.jpg,3.916667
AF124.jpg,2.566667
AF1249.jpg,4.316667
AF1461.jpg,3.316667
AF1051.jpg,2.7
AF1385.jpg,3.8
AF1006.jpg,3.45
AF1423.jpg,3.733333
AF1956.jpg,3.516667
AF1093.jpg,3.633333
AF1309.jpg,3.766667
AF823.jpg,2.966667
AF588.jpg,3.016667
AF1033.jpg,2.266667
AF485.jpg,2.55
AF1842.jpg,3.916667
AF722.jpg,4.2
AF186.jpg,2.183333
AF998.jpg,3.35
AF1796.jpg,2.083333
AF1286.jpg,3.9
AF1586.jpg,3.766667
AF453.jpg,4.1
AF1216.jpg,2.783333
AF334.jpg,2.25
AF640.jpg,2.6
AF585.jpg,2.2
AF258.jpg,2.3
AF1558.jpg,3.7
AF717.jpg,2.033333
AF483.jpg,2.766667
AF1400.jpg,3.583333
AF887.jpg,2.016667
AF1719.jpg,3.883333
AF681.jpg,2.733333
AF1990.jpg,4.166667
AF1794.jpg,3.333333
AF818.jpg,3.05
AF1390.jpg,4.133333
AF1054.jpg,3.216667
AF90.jpg,1.783333
AF276.jpg,2.133333
AF597.jpg,2.916667
AF1386.jpg,2.933333
AF1930.jpg,3.716667
AF1628.jpg,4.1
AF1637.jpg,3.983333
AF375.jpg,2.283333
AF882.jpg,4.133333
AF1134.jpg,3.333333
AF1394.jpg,3.283333
AF37.jpg,2.166667
AF982.jpg,2.883333
AF948.jpg,2.766667
AF1477.jpg,4.1
AF523.jpg,2.4
AF52.jpg,2.133333
AF171.jpg,2.966667
AF673.jpg,3.083333
AF1617.jpg,3.616667
AF925.jpg,2.35
AF1903.jpg,4.066667
AF235.jpg,2.65
AF718.jpg,2.65
AF1372.jpg,3.133333
AF463.jpg,2.316667
AF348.jpg,2.416667
AF1752.jpg,4.1
AF641.jpg,2.483333
AF28.jpg,2.266667
AF682.jpg,3.85
AF69.jpg,2.783333
AF1071.jpg,3.133333
AF1125.jpg,2.75
AF1778.jpg,2.083333
AF370.jpg,2.516667
AF1530.jpg,3.516667
AF189.jpg,2.416667
AF1557.jpg,3.533333
AF222.jpg,2.583333
AF686.jpg,2.6
AF1491.jpg,4.2
AF766.jpg,2.466667
AF1118.jpg,1.833333
AF801.jpg,2.633333
AF580.jpg,2.716667
AF1806.jpg,4.116667
AF688.jpg,1.616667
AF1937.jpg,3.2
AF1713.jpg,3.8
AF941.jpg,1.533333
AF1887.jpg,3.916667
AF1154.jpg,4.1
AF614.jpg,3.033333
AF1969.jpg,3.1
AF1984.jpg,2.333333
AF730.jpg,2.5
AF1432.jpg,3.216667
AF1285.jpg,3.966667
AF1837.jpg,4.466667
AF1489.jpg,3.1
AF1097.jpg,2.466667
AF555.jpg,2.783333
AF934.jpg,3.866667
AF1521.jpg,3.65
AF745.jpg,2.816667
AF414.jpg,2.35
AF619.jpg,2.966667
AF385.jpg,2.483333
AF300.jpg,4.183333
AF1403.jpg,4.266667
AF746.jpg,3.266667
AF991.jpg,2.783333
AF1137.jpg,2.7
AF55.jpg,2.25
AF282.jpg,2.583333
AF582.jpg,3.833333
AF1657.jpg,3.316667
AF1854.jpg,3.216667
AF190.jpg,2.05
AF1288.jpg,3.283333
AF259.jpg,2
AF1218.jpg,3.35
AF740.jpg,2.6
AF479.jpg,2.55
AF355.jpg,2.7
AF1476.jpg,4.283333
AF1866.jpg,1.45
AF536.jpg,1.85
AF583.jpg,2.5
AF1381.jpg,3.633333
AF1809.jpg,2.866667
AF928.jpg,4.116667
AF274.jpg,2.95
AF950.jpg,3.566667
AF1847.jpg,3.4
AF1870.jpg,2.983333
AF1303.jpg,3.75
AF33.jpg,2.7
AF731.jpg,3.966667
AF165.jpg,2.6
AF1608.jpg,3.3
AF1735.jpg,3.883333
AF645.jpg,2.783333
AF800.jpg,2.016667
AF853.jpg,2.516667
AF1919.jpg,4.016667
AF907.jpg,2.1
AF1302.jpg,3.633333
AF605.jpg,2.666667
AF1078.jpg,3.483333
AF1665.jpg,3.616667
AF1739.jpg,2.283333
AF1405.jpg,4.116667
AF1132.jpg,3.233333
AF1745.jpg,2.966667
AF782.jpg,2.816667
AF1410.jpg,3.216667
AF841.jpg,2.416667
AF493.jpg,2.8
AF1762.jpg,3.783333
AF1101.jpg,3.8
AF62.jpg,2.633333
AF484.jpg,3.616667
AF487.jpg,2.583333
AF885.jpg,4.216667
AF1633.jpg,1.633333
AF1457.jpg,3.966667
AF1453.jpg,1.15
AF1195.jpg,3.433333
AF406.jpg,2.583333
AF1473.jpg,2.816667
AF96.jpg,3.1
AF1166.jpg,3.75
AF1279.jpg,4.133333
AF343.jpg,2.9
AF713.jpg,2.533333
AF1564.jpg,3.983333
AF1105.jpg,1.716667
AF1546.jpg,3.966667
AF1581.jpg,4.116667
AF1613.jpg,4
AF237.jpg,2.9
AF978.jpg,2.05
AF886.jpg,2.25
AF1968.jpg,1.816667
AF287.jpg,1.7
AF559.jpg,2.966667
AF1383.jpg,2.033333
AF1890.jpg,1.15
AF1336.jpg,3.783333
AF1318.jpg,4.116667
AF499.jpg,3.083333
AF268.jpg,3.3
AF868.jpg,2.233333
AF407.jpg,3.266667
AF1862.jpg,3.033333
AF1323.jpg,2.916667
AF91.jpg,2.783333
AF1671.jpg,3.5
AF193.jpg,2.133333
AF147.jpg,2.35
AF1656.jpg,4.05
AF1944.jpg,3.216667
AF849.jpg,2.666667
AF1696.jpg,4
AF1974.jpg,2.65
AF940.jpg,3.3
AF1523.jpg,3.8
AF436.jpg,2.05
AF965.jpg,2.933333
AF644.jpg,2.6
AF871.jpg,2.8
AF1041.jpg,2.383333
AF858.jpg,3.95
AF1194.jpg,4.233333
AF1315.jpg,2.8
AF617.jpg,2.483333
AF774.jpg,2.883333
AF1211.jpg,4.166667
AF256.jpg,2.8
AF448.jpg,2.683333
AF1.jpg,2.333333
AF1983.jpg,3.883333
AF918.jpg,2.283333
AF660.jpg,2.5
AF1076.jpg,1.4
AF97.jpg,2.3
AF1831.jpg,2.866667
AF1273.jpg,1.283333
AF1685.jpg,3.833333
AF647.jpg,3.7
AF1532.jpg,3.55
AF1248.jpg,3.216667
AF568.jpg,2.416667
AF943.jpg,2.383333
AF962.jpg,3.983333
AF826.jpg,2.8
AF854.jpg,2.8
AF1874.jpg,3.316667
AF317.jpg,3.916667
AF1513.jpg,3.716667
AF1857.jpg,4.233333
AF834.jpg,2.616667
AF1429.jpg,3.716667
AF257.jpg,2.383333
AF942.jpg,4.083333
AF1210.jpg,2.616667
AF829.jpg,2.2
AF447.jpg,3.983333
AF1275.jpg,3.55
AF692.jpg,2.366667
AF616.jpg,2.016667
AF1379.jpg,2.733333
AF1947.jpg,3.466667
AF1349.jpg,2.383333
AF1308.jpg,3.55
AF820.jpg,2.9
AF1588.jpg,3.933333
AF1253.jpg,4.35
AF1856.jpg,4.2
AF749.jpg,2.566667
AF1344.jpg,3.716667
AF218.jpg,2.25
AF799.jpg,3.116667
AF1196.jpg,3.666667
AF350.jpg,2.266667
AF1823.jpg,3.766667
AF1759.jpg,3.983333
AF201.jpg,2.95
AF675.jpg,4.016667
AF294.jpg,2.55
AF323.jpg,2.516667
AF437.jpg,3.083333
AF1693.jpg,3.9
AF1264.jpg,2.9
AF967.jpg,3.9
AF1374.jpg,4.3
AF1567.jpg,4.016667
AF827.jpg,2.933333
AF481.jpg,2.283333
AF1428.jpg,3.75
AF1404.jpg,2.85
AF1961.jpg,2.666667
AF1328.jpg,3.716667
AF501.jpg,3.833333
AF1165.jpg,3.066667
AF1709.jpg,3.266667
AF383.jpg,2.483333
AF1619.jpg,1.633333
AF229.jpg,2.933333
AF1918.jpg,2.983333
AF252.jpg,2.783333
AF1342.jpg,4.333333
AF1609.jpg,3.516667
AF471.jpg,3.25
AF1763.jpg,3.8
AF369.jpg,3.15
AF1575.jpg,3.066667
AF679.jpg,2.683333
AF319.jpg,3.016667
AF413.jpg,1.833333
AF1460.jpg,3.666667
AF1012.jpg,2.766667
AF599.jpg,2.733333
AF632.jpg,2.2
AF289.jpg,2.266667
AF466.jpg,2.95
AF454.jpg,2.8
AF1401.jpg,4.233333
AF269.jpg,3.666667
AF122.jpg,2.266667
AF1714.jpg,3.8
AF155.jpg,2.55
AF1498.jpg,4.066667
AF830.jpg,2.816667
AF922.jpg,1.683333
AF1333.jpg,4.383333
AF1770.jpg,4.116667
AF260.jpg,2.266667
AF357.jpg,2.533333
AF1950.jpg,2.816667
AF661.jpg,2.383333
AF1885.jpg,2.716667
AF1236.jpg,4.316667
AF1446.jpg,3.766667
AF203.jpg,3.833333
AF1485.jpg,2.95
AF102.jpg,2.8
AF23.jpg,3.3
AF103.jpg,2.6
AF916.jpg,3.033333
AF1767.jpg,3.95
AF1793.jpg,4.016667
AF451.jpg,3.016667
AF1141.jpg,3.15
AF1356.jpg,3.3
AF1339.jpg,3.333333
AF1623.jpg,3.983333
AF1043.jpg,2.516667
AF847.jpg,2.75
AF795.jpg,2.566667
AF460.jpg,2.633333
AF571.jpg,2.9
AF128.jpg,2.866667
AF1031.jpg,4.033333
AF1791.jpg,3.9
AF1929.jpg,3.7
AF1556.jpg,3.233333
AF741.jpg,2.616667
AF1092.jpg,2.25
AF1456.jpg,4.066667
AF1716.jpg,3.45
AF492.jpg,4.166667
AF1827.jpg,4.166667
AF373.jpg,2.55
AF1641.jpg,1.166667
AF278.jpg,2.866667
AF192.jpg,2.166667
AF292.jpg,2.783333
AF716.jpg,1.5
AF529.jpg,2.55
AF1496.jpg,3.683333
AF1843.jpg,3.5
AF231.jpg,2.666667
AF449.jpg,2.666667
AF1338.jpg,2.916667
AF1548.jpg,4.066667
AF423.jpg,2.95
AF1670.jpg,3.966667
AF539.jpg,3.933333
AF1797.jpg,3.166667
AF1408.jpg,3.65
AF509.jpg,2.633333
AF1431.jpg,3.65
AF1998.jpg,2.733333
AF663.jpg,2.95
AF117.jpg,2.4
AF988.jpg,2.433333
AF743.jpg,2.966667
AF1435.jpg,2.7
AF748.jpg,2.75
AF1222.jpg,3.7
AF1440.jpg,3.633333
AF1920.jpg,3.5
AF1060.jpg,2.433333
AF669.jpg,3.183333
AF1967.jpg,1.883333
AF82.jpg,2.5
AF318.jpg,2.016667
AF515.jpg,3.266667
AF623.jpg,3.016667
AF1901.jpg,4.15
AF1830.jpg,4.066667
AF1644.jpg,3.816667
AF1996.jpg,1.6
AF1454.jpg,2.733333
AF1578.jpg,2.766667
AF1330.jpg,4.016667
AF162.jpg,2.116667
AF653.jpg,2.583333
AF210.jpg,2.116667
AF913.jpg,2.8
AF959.jpg,3.35
AF72.jpg,2.316667
AF1387.jpg,4.016667
AF1237.jpg,3.366667
AF1859.jpg,1.85
AF1612.jpg,3.866667
AF212.jpg,2.8
AF763.jpg,2.6
AF708.jpg,1.9
AF1661.jpg,3.683333
AF926.jpg,3.933333
AF1257.jpg,4.2
AF70.jpg,2.916667
AF127.jpg,2.9
AF1306.jpg,2.033333
AF1733.jpg,4
AF535.jpg,2.583333
AF233.jpg,2.933333
AF1688.jpg,4.266667
AF1046.jpg,2.283333
AF58.jpg,2.666667
AF234.jpg,2.3
AF1427.jpg,3.566667
AF1595.jpg,3.916667
AF1732.jpg,4.2
AF118.jpg,2.8
AF1880.jpg,2.466667
AF677.jpg,2.283333
AF1077.jpg,3.116667
AF1520.jpg,3.233333
AF804.jpg,2.833333
AF600.jpg,3.35
AF1471.jpg,3.266667
AF777.jpg,2.25
AF349.jpg,2.566667
AF1540.jpg,1.383333
AF1436.jpg,2.933333
AF267.jpg,1.933333
AF397.jpg,2.666667
AF435.jpg,1.683333
AF807.jpg,2.966667
AF1148.jpg,3.816667
AF1596.jpg,3.066667
AF714.jpg,2.733333
AF119.jpg,2.266667
AF1780.jpg,3.683333
AF402.jpg,3.466667
AF496.jpg,2.233333
AF150.jpg,2.466667
AF755.jpg,4.25
AF981.jpg,2.883333
AF141.jpg,2.333333
AF307.jpg,2.466667
AF92.jpg,2.533333
AF1313.jpg,2.516667
AF1110.jpg,4.233333
AF1484.jpg,3.6
AF610.jpg,1.866667
AF1654.jpg,2.966667
AF1411.jpg,3.133333
AF1810.jpg,2.583333
AF1905.jpg,3.566667
AF974.jpg,2.716667
AF1232.jpg,3.183333
AF1848.jpg,3.466667
AF1455.jpg,3.033333
AF1490.jpg,3.65
AF1559.jpg,4.133333
AF1504.jpg,3.333333
AF1814.jpg,3.116667
AF1821.jpg,3.483333
AF855.jpg,4.1
AF1640.jpg,3.866667
AF850.jpg,3.616667
AF1495.jpg,4.033333
AF1096.jpg,2.366667
AF461.jpg,2.35
AF298.jpg,2.383333
AF635.jpg,2.9
AF1305.jpg,4.083333
AF1516.jpg,3.466667
AF812.jpg,3.916667
AF726.jpg,3
AF698.jpg,2.333333
AF1032.jpg,3.316667
AF842.jpg,2.683333
AF17.jpg,2.933333
AF1801.jpg,3.866667
AF324.jpg,2.833333
AF768.jpg,3.016667
AF1413.jpg,3.366667
AF1162.jpg,4.1
AF63.jpg,1.783333
AF1994.jpg,2.683333
AF819.jpg,2.966667
AF1855.jpg,3.383333
AF1145.jpg,2.016667
AF987.jpg,3.533333
AF305.jpg,1.833333
AF386.jpg,3
AF1332.jpg,2.316667
AF1098.jpg,1.55
AF1280.jpg,4.316667
AF1140.jpg,3.9
AF1255.jpg,4.216667
AF80.jpg,2.866667
AF667.jpg,2.3
AF1120.jpg,2.9
AF1010.jpg,2.583333
AF1005.jpg,2.216667
AF1225.jpg,2.8
AF1916.jpg,3.166667
AF15.jpg,2.8
AF1345.jpg,4.083333
AF254.jpg,3.183333
AF1277.jpg,3.716667
AF366.jpg,2.766667
AF353.jpg,2.383333
AF442.jpg,2.633333
AF642.jpg,2.7
AF1197.jpg,3.683333
AF1976.jpg,1.083333
AF540.jpg,2.5
AF1175.jpg,4.333333
AF957.jpg,3.016667
AF1989.jpg,3.5
AF1158.jpg,4.416667
AF1325.jpg,2.2
AF1678.jpg,3.35
AF1276.jpg,2.016667
AF1487.jpg,3.183333
AF917.jpg,1.433333
AF242.jpg,2.766667
AF560.jpg,2.283333
AF664.jpg,2.4
AF497.jpg,2.05
AF164.jpg,3.083333
AF1822.jpg,4.183333
AF939.jpg,1.966667
AF301.jpg,2.516667
AF263.jpg,3.2
AF672.jpg,2.466667
AF1539.jpg,1.616667
AF296.jpg,2.816667
AF110.jpg,3.25
AF621.jpg,2.783333
AF1551.jpg,3.616667
AF1913.jpg,2.833333
AF906.jpg,2.95
AF1121.jpg,1.966667
AF888.jpg,2.783333
AF1718.jpg,3.75
AF1689.jpg,3.833333
AF1366.jpg,3.533333
AF1050.jpg,3.183333
AF1518.jpg,3.433333
AF1869.jpg,3.283333
AF1202.jpg,3.333333
AF1419.jpg,3.816667
AF43.jpg,2.166667
AF738.jpg,4.483333
AF867.jpg,4.016667
AF427.jpg,2.333333
AF390.jpg,2.683333
AF1748.jpg,3.883333
AF1702.jpg,2.316667
AF1244.jpg,3.916667
AF1389.jpg,3.683333
AF1625.jpg,2.083333
AF1003.jpg,2.866667
AF1836.jpg,3.183333
AF715.jpg,4.433333
AF558.jpg,2.333333
AF848.jpg,2.916667
AF1846.jpg,3.7
AF157.jpg,2.366667
AF1740.jpg,4.2
AF1747.jpg,3.6
AF1514.jpg,4.033333
AF452.jpg,2.616667
AF880.jpg,3.783333
AF177.jpg,1.733333
AF636.jpg,3.583333
AF1026.jpg,3.65
AF822.jpg,2.15
AF219.jpg,2.133333
AF784.jpg,3.4
AF1268.jpg,4.05
AF151.jpg,2.266667
AF1891.jpg,4.266667
AF400.jpg,2.783333
AF725.jpg,2.533333
AF1282.jpg,3.466667
AF1261.jpg,3.833333
AF951.jpg,2.983333
AF727.jpg,3.383333
AF1610.jpg,4.2
AF1472.jpg,3.8
AF1267.jpg,3.433333
AF2.jpg,3.95
AF465.jpg,2.383333
AF1512.jpg,2.983333
AF857.jpg,2.333333
AF985.jpg,1.6
AF1422.jpg,3.966667
AF1321.jpg,1.816667
AF1265.jpg,4.383333
AF637.jpg,2.7
AF1817.jpg,3.15
AF1872.jpg,3.033333
AF1715.jpg,2.583333
AF1834.jpg,3.8
AF1069.jpg,3.183333
AF1743.jpg,2.616667
AF873.jpg,2.933333
AF356.jpg,3.1
AF1415.jpg,1.733333
AF199.jpg,2.683333
AF1851.jpg,2.833333
AF1957.jpg,3.4
AF1882.jpg,3.683333
AF1765.jpg,4
AF213.jpg,3.866667
AF767.jpg,2.766667
AF1452.jpg,3.016667
AF101.jpg,2.35
AF1357.jpg,4.283333
AF4.jpg,2.683333
AF99.jpg,2.533333
AF458.jpg,2.55
AF654.jpg,2.516667
AF482.jpg,2.733333
AF1800.jpg,3.483333
AF1157.jpg,3.016667
AF810.jpg,2.9
AF1133.jpg,3.233333
AF1129.jpg,4.166667
AF1038.jpg,2.65
AF405.jpg,2.8
AF1620.jpg,3.883333
AF139.jpg,2.133333
AF1664.jpg,3.266667
AF920.jpg,2.6
AF507.jpg,2.566667
AF1645.jpg,3.333333
AF980.jpg,3.933333
AF1599.jpg,3.466667
AF1582.jpg,4.216667
AF1902.jpg,3.683333
AF76.jpg,2.9
AF1909.jpg,3.383333
AF1565.jpg,3.3
AF607.jpg,2.55
AF182.jpg,2.316667
AF170.jpg,2.383333
AF694.jpg,1.616667
AF1598.jpg,3.583333
AF655.jpg,3.316667
AF752.jpg,2.433333
AF1206.jpg,3.283333
AF1602.jpg,3.7
AF1322.jpg,2.916667
AF154.jpg,3
AF1160.jpg,3.683333
AF816.jpg,2.9
AF665.jpg,2.55
AF671.jpg,2.6
AF1502.jpg,3.683333
AF1970.jpg,2.916667
AF1536.jpg,3.7
AF609.jpg,2.466667
AF1601.jpg,4.483333
AF970.jpg,2.533333
AF1478.jpg,3.95
AF1188.jpg,2.516667
AF1503.jpg,2.916667
AF228.jpg,2.433333
AF68.jpg,2.766667
AF1655.jpg,3
AF732.jpg,2.733333
AF1007.jpg,2.7
AF990.jpg,2.066667
AF1177.jpg,3.683333
AF1310.jpg,2.25
AF1270.jpg,4.166667
AF1711.jpg,3.866667
AF968.jpg,2.3
AF511.jpg,2.766667
AF1673.jpg,3.95
AF572.jpg,3.333333
AF723.jpg,2.766667
AF1102.jpg,3.833333
AF1878.jpg,3.983333
AF1364.jpg,3.95
AF739.jpg,2.45
AF932.jpg,3.133333
AF1497.jpg,2.85
AF1067.jpg,2.583333
AF1174.jpg,4.5
AF392.jpg,2.983333
AF1271.jpg,3.333333
AF997.jpg,3.733333
AF433.jpg,3.916667
AF1241.jpg,3.933333
AF1281.jpg,3.016667
AF1084.jpg,1.833333
AF577.jpg,2.916667
AF1466.jpg,3.7
AF1871.jpg,3.65
AF100.jpg,2.9
AF914.jpg,3.783333
AF1988.jpg,1.966667
AF238.jpg,2.683333
AF1760.jpg,2.283333
AF1786.jpg,4.066667
AF325.jpg,2.533333
AF1819.jpg,2.883333
AF1840.jpg,2.466667
AF845.jpg,3.233333
AF904.jpg,2.566667
AF1239.jpg,3.566667
AF1629.jpg,4.033333
AF1355.jpg,4.133333
AF1636.jpg,2.466667
AF1647.jpg,3.633333
AF1024.jpg,3.366667
AF121.jpg,2.383333
AF1618.jpg,2.533333
AF1697.jpg,4.016667
AF1459.jpg,4
AF1529.jpg,3.733333
AF1164.jpg,2.916667
AF1580.jpg,3.466667
AF1042.jpg,3.116667
AF1335.jpg,4.066667
AF395.jpg,4.033333
AF293.jpg,2.566667
AF737.jpg,2.666667
AF1971.jpg,1.933333
AF377.jpg,2.116667
AF428.jpg,2.766667
AF1153.jpg,3.266667
AF1997.jpg,1.433333
AF387.jpg,2.283333
AF961.jpg,3.833333
AF187.jpg,3.116667
AF1028.jpg,2.133333
AF1782.jpg,3.25
AF646.jpg,3.633333
AF1159.jpg,3.983333
AF362.jpg,2.016667
AF1180.jpg,3.65
AF704.jpg,2.616667
AF1350.jpg,1.533333
AF772.jpg,4.133333
AF574.jpg,2.916667
AF1111.jpg,2.383333
AF930.jpg,4.016667
AF648.jpg,2.666667
AF531.jpg,3
AF1064.jpg,3.883333
AF1294.jpg,2.266667
AF1706.jpg,3.5
AF1203.jpg,3.366667
AF992.jpg,2.666667
AF843.jpg,2.416667
AF1922.jpg,3.383333
AF1015.jpg,3.683333
AF556.jpg,2.583333
AF1311.jpg,4.033333
AF513.jpg,2.933333
AF104.jpg,2.833333
AF391.jpg,1.35
AF1030.jpg,2.316667
AF455.jpg,2.266667
AF1736.jpg,3.533333
AF833.jpg,3.2
AF1954.jpg,2.783333
AF1424.jpg,2.983333
AF1100.jpg,2.666667
AF1168.jpg,3.883333
AF1812.jpg,3.816667
AF140.jpg,2.016667
AF1624.jpg,3.15
AF1734.jpg,3.833333
AF1263.jpg,3.116667
AF1119.jpg,2.7
AF757.jpg,1.433333
AF281.jpg,2.183333
AF314.jpg,1.733333
AF911.jpg,2.066667
AF733.jpg,2.6
AF963.jpg,4.216667
AF1531.jpg,3.233333
AF1173.jpg,2.216667
AF115.jpg,2.95
AF498.jpg,2.65
AF308.jpg,2.483333
AF879.jpg,2.7
AF1207.jpg,4.05
AF473.jpg,2.65
AF792.jpg,2.9
AF602.jpg,2.65
AF557.jpg,1.95
AF1053.jpg,2.666667
AF1958.jpg,4.05
AF36.jpg,2.483333
AF209.jpg,2.733333
AF1443.jpg,3.2
AF1658.jpg,3.133333
AF550.jpg,2.533333
AF958.jpg,3.05
AF901.jpg,2.416667
AF1594.jpg,3.816667
AF891.jpg,2.283333
AF1025.jpg,1.866667
AF1448.jpg,3.9
AF1727.jpg,2.816667
AF1552.jpg,3.5
AF1139.jpg,2.883333
AF877.jpg,3.95
AF711.jpg,2.666667
AF1643.jpg,3.616667
AF1646.jpg,4.383333
AF656.jpg,2.6
AF1019.jpg,2.083333
AF562.jpg,2.866667
AF422.jpg,2.366667
AF1233.jpg,2.766667
AF1150.jpg,2.9
AF1987.jpg,1.8
AF1720.jpg,3.566667
AF1245.jpg,2.833333
AF566.jpg,2.35
AF1467.jpg,3.716667
AF89.jpg,1.65
AF762.jpg,4.033333
AF510.jpg,3.733333
AF283.jpg,3.066667
AF1146.jpg,3.1
AF153.jpg,2.133333
AF1200.jpg,3.7
AF1442.jpg,3.683333
AF684.jpg,2.85
AF552.jpg,2.866667
AF10.jpg,3.433333
AF421.jpg,2.55
AF1746.jpg,3.566667
AF1494.jpg,3.7
AF1290.jpg,2.983333
AF622.jpg,2.2
AF844.jpg,2.766667
AF806.jpg,2.2
AF839.jpg,3.266667
AF262.jpg,2.4
AF116.jpg,1.983333
AF563.jpg,3.083333
AF545.jpg,3.883333
AF1783.jpg,3.616667
AF548.jpg,3.616667
AF1398.jpg,1.366667
AF1481.jpg,3.933333
AF1777.jpg,3.683333
AF470.jpg,3.616667
AF273.jpg,2.533333
AF1260.jpg,3.716667
AF1018.jpg,3.316667
AF1061.jpg,2.766667
AF1397.jpg,3.583333
AF596.jpg,2.833333
AF56.jpg,3.316667
AF1186.jpg,2.2
AF361.jpg,2.933333
AF1712.jpg,3.5
AF846.jpg,1.733333
AF633.jpg,3.6
AF1417.jpg,3.75
AF1066.jpg,1.683333
AF1789.jpg,3.65
AF999.jpg,3.5
AF1062.jpg,4.183333
AF1742.jpg,3.6
AF191.jpg,2.666667
AF1680.jpg,3.683333
AF2000.jpg,3.55
AF1991.jpg,2.016667
AF1027.jpg,3.983333
AF628.jpg,2.633333
AF1380.jpg,2.366667
AF1923.jpg,3
AF1291.jpg,4.4
AF1986.jpg,1.016667
AF735.jpg,2.5
AF1144.jpg,2.716667
AF81.jpg,2.116667
AF250.jpg,2.716667
AF335.jpg,2.383333
AF8.jpg,2.75
AF631.jpg,3.4
AF1299.jpg,3.716667
AF1377.jpg,3.666667
AF1113.jpg,3.35
AF59.jpg,2.083333
AF666.jpg,2.933333
AF1023.jpg,3.4
AF892.jpg,3.8
AF337.jpg,2.133333
AF966.jpg,3.033333
AF32.jpg,3.15
AF438.jpg,2.7
AF1347.jpg,3.383333
AF1790.jpg,2.033333
AF290.jpg,2.466667
AF1021.jpg,2.933333
AF900.jpg,2.9
AF299.jpg,2.25
AF519.jpg,2.783333
AF1879.jpg,3.8
AF1550.jpg,3.383333
AF216.jpg,2.666667
AF144.jpg,2.016667
AF909.jpg,3.5
AF321.jpg,2.416667
AF1741.jpg,3.883333
AF890.jpg,3.3
AF161.jpg,1.95
AF1209.jpg,3.266667
AF1877.jpg,4.05
AF159.jpg,2.783333
AF984.jpg,3.716667
AF1057.jpg,3.15
AF1572.jpg,4.3
AF1773.jpg,2.566667
AF955.jpg,4
AF253.jpg,2.7
AF1590.jpg,1.066667
AF185.jpg,2.15
AF945.jpg,3.2
AF721.jpg,2.6
AF1468.jpg,4.383333
AF1632.jpg,3.433333
AF344.jpg,2.533333
AF1247.jpg,3.85
AF1867.jpg,4.016667
AF678.jpg,3.833333
AF895.jpg,3.516667
AF1865.jpg,3.216667
AF832.jpg,2.966667
AF1392.jpg,4.033333
AF1278.jpg,3.566667
AF1044.jpg,2.983333
AF1753.jpg,3.266667
AF494.jpg,2.3
AF214.jpg,2.683333
AF1507.jpg,2.766667
AF130.jpg,2.516667
AF1049.jpg,2.95
AF1860.jpg,3.216667
AF467.jpg,3.266667
AF1352.jpg,3.466667
AF1242.jpg,4.15
AF1256.jpg,2.35
AF354.jpg,2.816667
AF701.jpg,3.066667
AF74.jpg,2.183333
AF1781.jpg,3.55
AF611.jpg,2.766667
AF1361.jpg,3.983333
AF1037.jpg,2
AF996.jpg,3.366667
AF12.jpg,2.083333
AF700.jpg,1.85
AF245.jpg,2.6
AF1486.jpg,4.033333
AF1004.jpg,3.3
AF1992.jpg,3.833333
AF53.jpg,2.166667
AF1684.jpg,4.433333
AF45.jpg,2.666667
AF1293.jpg,4.033333
AF1543.jpg,3.9
AF1124.jpg,3.55
AF1524.jpg,3.9
AF1082.jpg,2.633333
AF1238.jpg,3.2
AF814.jpg,2.916667
AF1152.jpg,3.3
AF705.jpg,2.433333
AF1070.jpg,2.5
AF1973.jpg,4.75
AF1566.jpg,3.75
AF561.jpg,4.066667
AF1932.jpg,2.783333
AF1017.jpg,3.5
AF1091.jpg,2.916667
AF1845.jpg,1.966667
AF923.jpg,2.766667
AF18.jpg,2.566667
AF1563.jpg,4.133333
AF1358.jpg,2.416667
AF1016.jpg,3.816667
AF506.jpg,2.983333
AF534.jpg,2.433333
AF327.jpg,3.016667
AF910.jpg,3.216667
AF1592.jpg,4.466667
AF1593.jpg,4.15
AF1340.jpg,3.9
AF1927.jpg,4.2
AF657.jpg,2.416667
AF1430.jpg,3.883333
AF687.jpg,2.733333
AF363.jpg,2.033333
AF1143.jpg,1.983333
AF683.jpg,2.866667
AF1316.jpg,4.05
AF67.jpg,3.083333
AF606.jpg,2.983333
AF1980.jpg,3.533333
AF1820.jpg,1.416667
AF1151.jpg,2.166667
AF759.jpg,2.25
AF65.jpg,2.916667
AF797.jpg,2.766667
AF1589.jpg,3.716667
AF1533.jpg,4.116667
AF1505.jpg,3.033333
AF1888.jpg,3.416667
AF1726.jpg,4.316667
AF232.jpg,1.983333
AF947.jpg,3.35
AF1841.jpg,2.983333
AF875.jpg,2.533333
AF1604.jpg,3.7
AF1964.jpg,4.216667
AF1312.jpg,4
AF167.jpg,2.616667
AF1198.jpg,3.766667
AF1667.jpg,3.8
AF1492.jpg,3.516667
AF1068.jpg,4.116667
AF1982.jpg,3.266667
AF372.jpg,2.633333
AF286.jpg,2.816667
AF1569.jpg,3.966667
AF703.jpg,2.483333
AF659.jpg,2.55
AF1729.jpg,3.133333
AF960.jpg,2.416667
AF1192.jpg,2.983333
AF1075.jpg,3.9
AF780.jpg,3.066667
AF1128.jpg,2.533333
AF1086.jpg,3.65
AF439.jpg,2.783333
AF1660.jpg,3.7
AF1525.jpg,3.75
AF1766.jpg,4.066667
AF1605.jpg,3.466667
AF1653.jpg,2.616667
AF295.jpg,2.133333
AF1212.jpg,3.883333
AF207.jpg,2.883333
AF944.jpg,4
AF527.jpg,3.133333
AF1052.jpg,2.783333
AF720.jpg,3.95
AF576.jpg,2.55
AF1493.jpg,3.216667
AF1639.jpg,3.366667
AF19.jpg,3.033333
AF1393.jpg,3.566667
AF1147.jpg,3.55
AF658.jpg,2.8
AF1826.jpg,4.066667
AF114.jpg,2.516667
AF1414.jpg,3.733333
AF1193.jpg,2.3
AF1214.jpg,3.116667
AF1695.jpg,4.316667
AF1591.jpg,3.7
AF1509.jpg,1.7
AF903.jpg,3.066667
AF1993.jpg,3.9
AF443.jpg,2
AF1583.jpg,3.8
AF206.jpg,2.683333
AF1568.jpg,3.833333
AF142.jpg,2.166667
AF1615.jpg,3.366667
AF243.jpg,2.483333
AF554.jpg,3.416667
AF1112.jpg,4.233333
AF364.jpg,2.8
AF1893.jpg,3.083333
AF1813.jpg,3.883333
AF1083.jpg,4.4
AF771.jpg,2.583333
AF1910.jpg,3.65
AF1898.jpg,3.533333
AF1699.jpg,3.4
AF1691.jpg,3.3
AF204.jpg,2.666667
AF1825.jpg,4.016667
AF1274.jpg,3.116667
AF225.jpg,3.716667
AF1600.jpg,3.016667
AF1199.jpg,4.116667
AF39.jpg,1.85
AF1894.jpg,4.416667
AF1686.jpg,3.616667
AF1501.jpg,3.933333
AF1009.jpg,3.866667
AF1266.jpg,3.816667
AF34.jpg,2.233333
AF1226.jpg,2.3
AF776.jpg,3.25
AF533.jpg,2.8
AF1669.jpg,4
AF320.jpg,2.333333
AF1469.jpg,4.033333
AF1526.jpg,4.2
AF1631.jpg,1.116667
AF1378.jpg,2.7
AF380.jpg,2.9
AF1579.jpg,4.1
AF1001.jpg,3.733333
AF420.jpg,3.416667
AF551.jpg,3.733333
AF1231.jpg,3.983333
AF863.jpg,2.783333
AF367.jpg,2.6
AF123.jpg,2.033333
AF1792.jpg,3.883333
AF956.jpg,3.35
AF695.jpg,4.516667
AF578.jpg,2.133333
AF73.jpg,3.033333
AF284.jpg,3.116667
AF674.jpg,2.85
AF1679.jpg,2.983333
AF1701.jpg,3.333333
AF512.jpg,2.466667
AF1896.jpg,3.15
AF547.jpg,2.666667
AF936.jpg,2.5
AF1045.jpg,3.816667
AF183.jpg,2.666667
AF412.jpg,3.066667
AF1510.jpg,3.666667
AF1224.jpg,3.95
AF93.jpg,2.533333
AF1754.jpg,3.9
AF1439.jpg,3.85
AF431.jpg,2.933333
AF1167.jpg,4.1
AF95.jpg,2.533333
AF247.jpg,2.866667
AF1917.jpg,2.933333
AF1073.jpg,2.666667
AF331.jpg,2.083333
AF590.jpg,2.766667
AF1334.jpg,3.766667
AF1353.jpg,2.916667
AF541.jpg,2.65
AF322.jpg,1.816667
AF1985.jpg,4.183333
AF1254.jpg,3.666667
AF912.jpg,3.783333
AF1955.jpg,3.883333
AF1130.jpg,2.833333
AF330.jpg,3.25
AF905.jpg,4.416667
AF862.jpg,4.266667
AF1412.jpg,3.233333
AF1187.jpg,3.8
AF1616.jpg,2.783333
AF851.jpg,2.25
AF1868.jpg,3.5
AF316.jpg,2.433333
AF1182.jpg,2.916667
AF598.jpg,2.35
AF1749.jpg,3.166667
AF223.jpg,2.35
AF972.jpg,4.366667
AF1900.jpg,3.033333
AF474.jpg,2.183333
AF995.jpg,3.016667
AF224.jpg,2.683333
AF208.jpg,2.733333
AF1074.jpg,3.116667
AF524.jpg,2.7
AF429.jpg,2.466667
AF1258.jpg,3.316667
AF475.jpg,1.85
AF1396.jpg,4.05
AF31.jpg,3.183333
AF603.jpg,4.316667
AF537.jpg,2.483333
AF594.jpg,2.466667
AF775.jpg,2.483333
AF1470.jpg,3.216667
AF1614.jpg,2.966667
AF379.jpg,2.5
AF351.jpg,2.533333
AF1327.jpg,3.083333
AF5.jpg,2
AF517.jpg,2.283333
AF1382.jpg,4.05
AF618.jpg,3
AF865.jpg,2.4
AF1515.jpg,3.8
AF1755.jpg,4.1
AF604.jpg,2.8
AF230.jpg,2.683333
AF25.jpg,1.766667
AF1744.jpg,3.016667
AF1979.jpg,2.566667
AF1181.jpg,2.5
AF302.jpg,2.8
AF408.jpg,3.1
AF946.jpg,3.516667
AF651.jpg,2.65
AF333.jpg,2.6
AF1554.jpg,4.233333
AF169.jpg,2.333333
AF785.jpg,2.666667
AF20.jpg,2.733333
AF1444.jpg,4.116667
AF593.jpg,3.783333
AF662.jpg,2.933333
AF809.jpg,2.833333
AF120.jpg,2.366667
AF770.jpg,3.566667
AF311.jpg,2.533333
AF277.jpg,2.616667
AF691.jpg,2.483333
AF202.jpg,2.65
AF1561.jpg,3.95
AF526.jpg,3.116667
AF1324.jpg,4.05
AF399.jpg,2.133333
AF1172.jpg,3.916667
AF143.jpg,1.783333
AF365.jpg,1.933333
AF418.jpg,2.733333
AF478.jpg,2.933333
AF1287.jpg,3.3
AF352.jpg,2.166667
AF1465.jpg,4.033333
AF1666.jpg,3.466667
AF1402.jpg,3.833333
AF794.jpg,3.233333
AF468.jpg,2.683333
AF852.jpg,2.8
AF652.jpg,2.633333
AF358.jpg,3.066667
AF1926.jpg,3.6
AF625.jpg,3.1
AF1534.jpg,4.2
AF528.jpg,2.916667
AF1262.jpg,3.8
AF1704.jpg,2.166667
AF272.jpg,3.366667
AF589.jpg,2.583333
AF693.jpg,2.783333
AF464.jpg,3.316667
AF1229.jpg,2.883333
AF620.jpg,2.5
AF1399.jpg,3.183333
AF152.jpg,2.683333
AF712.jpg,2.616667
AF133.jpg,2.833333
AF1668.jpg,4.066667
AF1721.jpg,2.933333
AF1832.jpg,4.083333
AF1528.jpg,3.383333
AF872.jpg,4.316667
AF699.jpg,3.266667
AF864.jpg,2.666667
AF765.jpg,2.633333
AF630.jpg,3.783333
AF1606.jpg,3.166667
AF902.jpg,3.483333
AF1651.jpg,1.8
AF525.jpg,2.283333
AF1269.jpg,3.483333
AF1573.jpg,3.583333
AF1480.jpg,2.733333
AF1750.jpg,1.783333
AF332.jpg,2.433333
AF1951.jpg,2.9
AF979.jpg,2.383333
AF878.jpg,2.75
AF1574.jpg,3.766667
AF1189.jpg,2.733333
AF1807.jpg,2.716667
AF884.jpg,2.45
AF808.jpg,2.1
AF1876.jpg,2.85
AF88.jpg,2.4
AF650.jpg,2.45
AF146.jpg,2.916667
AF236.jpg,3.9
AF1884.jpg,2.733333
AF518.jpg,2.15
AF798.jpg,4.166667
AF1587.jpg,3.533333
AF1784.jpg,3.05
AF360.jpg,2.316667
AF1475.jpg,1.683333
AF309.jpg,3.183333
AF1776.jpg,3.233333
AF1250.jpg,2.433333
AF275.jpg,2.6
AF989.jpg,2.483333
AF952.jpg,3.266667
AF1363.jpg,2.933333
AF835.jpg,2.783333
AF488.jpg,3.3
AF1560.jpg,3.983333
AF329.jpg,3.133333
AF1094.jpg,4.066667
AF744.jpg,2.383333
AF1953.jpg,2.316667
AF1674.jpg,4.066667
AF374.jpg,2.283333
AF1939.jpg,3.433333
AF1108.jpg,1.866667
AF126.jpg,2.75
AF394.jpg,2.633333
AF384.jpg,2.033333
AF1925.jpg,3.35
AF1059.jpg,3.033333
AF416.jpg,2.533333
AF476.jpg,3.966667
AF1079.jpg,2.966667
AF205.jpg,3.5
AF1008.jpg,2.783333
AF77.jpg,2.666667
AF1171.jpg,4.283333
AF1331.jpg,3.9
AF897.jpg,4.383333
AF629.jpg,2.866667
AF1348.jpg,3.916667
AF255.jpg,1.783333
AF376.jpg,2.666667
AF1191.jpg,4.233333
AF303.jpg,2.9
AF869.jpg,3.916667
AF595.jpg,2.283333
AF894.jpg,3.166667
AF490.jpg,2.3
AF125.jpg,2.85
AF1234.jpg,3.216667
AF1758.jpg,2.883333
AF1906.jpg,3.133333
AF993.jpg,2.65
AF1603.jpg,3.95
AF612.jpg,2.3
AF217.jpg,2.283333
AF986.jpg,2.183333
AF291.jpg,2.266667
AF87.jpg,2.333333
AF821.jpg,1.9
AF312.jpg,2.233333
AF486.jpg,2.416667
AF1483.jpg,2.516667
AF1036.jpg,2.75
AF1155.jpg,2.766667
AF1161.jpg,2.066667
AF1227.jpg,3.433333
AF450.jpg,3.1
AF477.jpg,3.25
AF1221.jpg,4.2
AF586.jpg,4.116667
AF288.jpg,2.5
AF1434.jpg,3.616667
AF927.jpg,3.166667
AF521.jpg,2.883333
AF935.jpg,2.9
AF1945.jpg,3.066667
AF1462.jpg,3.933333
AF239.jpg,2.866667
AF411.jpg,2.416667
AF1904.jpg,3.866667
AF1373.jpg,2.783333
AF1972.jpg,4.083333
AF1375.jpg,3.383333
AF184.jpg,3.2
AF1811.jpg,3.3
AF138.jpg,2.416667
AF111.jpg,2.75
AF615.jpg,2.666667
AF1662.jpg,3.233333
AF1201.jpg,3.283333
AF503.jpg,4.35
AF1326.jpg,3.566667
AF336.jpg,2.65
AF1314.jpg,2.75
AF1298.jpg,3.8
AF1833.jpg,3.55
AF836.jpg,4
AF14.jpg,1.716667
AF1351.jpg,2.45
AF179.jpg,2.033333
AF638.jpg,2.4
AF710.jpg,1.933333
AF246.jpg,3.2
AF1687.jpg,3.733333
AF754.jpg,2.35
AF1458.jpg,3.833333
AF1723.jpg,4.066667
AF690.jpg,3.55
AF1409.jpg,3.5
AF520.jpg,1.666667
AF1802.jpg,3.85
AF1756.jpg,4
AF1873.jpg,1.633333
AF587.jpg,1.766667
AF870.jpg,2.6
AF1852.jpg,3.833333
AF1307.jpg,2.833333
AF1296.jpg,2.933333
AF608.jpg,2.316667
AF697.jpg,3.416667
AF1065.jpg,3.85
AF1418.jpg,2.966667
AF1808.jpg,3.8
AF724.jpg,4.283333
AF79.jpg,2.783333
AF27.jpg,2.666667
AF1058.jpg,3.783333
AF1682.jpg,3.883333
AF1107.jpg,4.216667
AF440.jpg,2.583333
AF1284.jpg,3.4
AF1912.jpg,4.033333
AF1724.jpg,3.716667
AF1095.jpg,2.666667
AF1914.jpg,3.966667
AF1376.jpg,3.516667
AF592.jpg,4.533333
AF1908.jpg,4.033333
AF1178.jpg,3.983333
AF388.jpg,1.6
AF417.jpg,2.933333
AF1537.jpg,3.633333
AF929.jpg,3.8
AF341.jpg,2.483333
AF860.jpg,3.8
AF1425.jpg,3.483333
AF1931.jpg,1.866667
AF553.jpg,2.95
AF729.jpg,2.666667
AF1479.jpg,3.9
AF1354.jpg,3.283333
AF1360.jpg,3.883333
AF264.jpg,2.583333
AF424.jpg,2.6
AF1048.jpg,3.15
AF396.jpg,2
AF532.jpg,2.15
AF1190.jpg,2.65
AF1585.jpg,3.75
AF613.jpg,2.083333
AF1731.jpg,3.45
AF543.jpg,2.5
AF1663.jpg,3.55
AF779.jpg,3.833333
AF398.jpg,4.066667
AF441.jpg,3
AF266.jpg,2.4
AF1235.jpg,2.533333
AF75.jpg,2.3
AF1772.jpg,3.5
AF753.jpg,4.016667
AF1081.jpg,2.9
AF1451.jpg,4.066667
AF1138.jpg,2.333333
AF1728.jpg,3.7
AF627.jpg,2.533333
AF899.jpg,2.616667
AF304.jpg,1.933333
AF1805.jpg,3.516667
AF41.jpg,4.25
AF1690.jpg,3.683333
AF345.jpg,1.5
AF1779.jpg,3.683333
AF1949.jpg,4.016667
AF1022.jpg,3.766667
AF160.jpg,1.983333
AF969.jpg,3.783333
AF881.jpg,4.016667
AF1703.jpg,4.016667
AF1933.jpg,3.116667
AF813.jpg,3.133333
AF896.jpg,3.033333
AF338.jpg,3.1
AF788.jpg,1.383333
AF937.jpg,2.85
AF626.jpg,2.6
AF680.jpg,2.116667
AF1864.jpg,3.933333
AF51.jpg,2.35
AF188.jpg,2.883333
AF639.jpg,4.183333
AF145.jpg,2.9
AF83.jpg,2.683333
AF1088.jpg,3.866667
AF35.jpg,2.766667
AF1055.jpg,3.45
AF9.jpg,2.15
AF758.jpg,3.733333
AF1835.jpg,3.033333
AF1304.jpg,2.333333
AF500.jpg,2.35
AF1169.jpg,3.6
AF306.jpg,2.933333
AF564.jpg,2.983333
AF1388.jpg,4.166667
AF129.jpg,3.1
AF1368.jpg,3.083333
AF227.jpg,2.566667
AF702.jpg,3.316667
AF1788.jpg,4.083333
AF1300.jpg,2.616667
AF1337.jpg,2.466667
AF924.jpg,3.116667
AF1562.jpg,3.4
AF1370.jpg,3.666667
AF1555.jpg,3.166667
AF1635.jpg,3.783333
AF1935.jpg,1.4
AF976.jpg,4.316667
AF85.jpg,2.783333
AF378.jpg,2.933333
AF837.jpg,2.316667
AF135.jpg,2.883333
AF1886.jpg,2.8
AF86.jpg,2.333333
AF172.jpg,2.383333
AF30.jpg,3.1
AF265.jpg,1.85
AF381.jpg,2.866667
AF1056.jpg,4.216667
AF569.jpg,3.716667
AF1652.jpg,4.066667
AF838.jpg,4.216667
AF84.jpg,2.833333
AF1506.jpg,3.55
AF109.jpg,2.333333
AF226.jpg,2.133333
AF1240.jpg,2.716667
AF1449.jpg,3.85
AF1474.jpg,4.033333
AF148.jpg,1.916667
AF1858.jpg,3.383333
AF1116.jpg,4.016667
AF1319.jpg,4.15
AF1208.jpg,4.316667
AF919.jpg,2.65
AF346.jpg,2.4
AF1977.jpg,4.45
AF1621.jpg,3.55
AF1135.jpg,3.4
AF1584.jpg,3.833333
AF1369.jpg,2.5
AF1966.jpg,3.8
AF1090.jpg,3.966667
AF297.jpg,4.3
AF1535.jpg,3.233333
AF1437.jpg,4.316667
AF706.jpg,1.916667
AF1035.jpg,3.516667
AF175.jpg,3
AF1519.jpg,3.933333
AF789.jpg,1.533333
AF856.jpg,3.233333
AF1850.jpg,3.8
AF1940.jpg,2.65
AF803.jpg,2.8
AF938.jpg,3.616667
AF26.jpg,2.25
AF549.jpg,2.183333
AF1499.jpg,3.466667
AF1362.jpg,4.016667
AF50.jpg,2.583333
AF1892.jpg,3.7
AF573.jpg,2.683333
AF137.jpg,2.716667
AF180.jpg,2.8
AF1775.jpg,3.933333
AF444.jpg,3.166667
AF778.jpg,2.8
AF432.jpg,3.033333
AF1522.jpg,2
AF1768.jpg,1.666667
AF445.jpg,2.166667
AF1804.jpg,3.65
AF410.jpg,2.266667
AF889.jpg,2.583333
AF861.jpg,3.15
AF66.jpg,2
AF1407.jpg,3.25
AF1818.jpg,3.25
AF1295.jpg,4.083333
AF1511.jpg,3.883333
AF1014.jpg,4.316667
AF1359.jpg,3.916667
AF112.jpg,2.65
AF1844.jpg,4.55
AF756.jpg,1.316667
AF1952.jpg,3.033333
AF1717.jpg,3.883333
AF1365.jpg,4.483333
AF1707.jpg,3.1
AF1156.jpg,4.183333
AF248.jpg,1.833333
AF1104.jpg,4.133333
AF793.jpg,2.85
AF975.jpg,2.466667
AF48.jpg,2.3
AF1915.jpg,3.466667
AF1681.jpg,2.716667
AF1219.jpg,3.2
AF579.jpg,2.516667
AF166.jpg,2.7
AF1795.jpg,3.3
AF132.jpg,2.233333
AF760.jpg,2.666667
AF546.jpg,1.883333
AF805.jpg,2.45
AF271.jpg,3.233333
